Time,Reading
2023-10-05 16:21:56,16.9
2023-10-05 16:22:26,3.5
2023-10-05 16:22:56,-4.0
2023-10-05 16:23:26,-8.8
2023-10-05 16:23:56,-11.8
2023-10-05 16:24:26,-13.7
2023-10-05 16:24:56,-14.9
2023-10-05 16:25:26,-15.7
2023-10-05 16:25:56,-16.1
2023-10-05 16:26:25,-16.3
2023-10-05 16:26:56,-15.9
2023-10-05 16:27:26,-16.1
2023-10-05 16:27:56,-16.2
2023-10-05 16:28:26,-16.2
2023-10-05 16:28:56,-16.2
2023-10-05 16:29:26,-16.1
2023-10-05 16:29:56,-16.0
2023-10-05 16:30:26,-16.0
2023-10-05 16:30:56,-15.9
2023-10-05 16:31:26,-15.7
2023-10-05 16:31:56,-15.6
2023-10-05 16:32:26,-15.5
2023-10-05 16:32:55,-15.4
2023-10-05 16:33:26,-15.3
2023-10-05 16:33:56,-15.2
2023-10-05 16:34:26,-15.1
2023-10-05 16:34:56,-14.9
2023-10-05 16:35:26,-14.8
2023-10-05 16:35:56,-14.7
2023-10-05 16:36:26,-15.2
2023-10-05 16:36:56,-16.4
2023-10-05 16:37:26,-17.2
2023-10-05 16:37:56,-14.9
2023-10-05 16:38:26,-14.9
2023-10-05 16:38:56,-14.4
2023-10-05 16:39:25,-15.7
2023-10-05 16:39:56,-14.6
2023-10-05 16:40:26,-17.7
2023-10-05 16:40:56,-18.1
2023-10-05 16:41:26,-15.2
2023-10-05 16:41:56,-14.6
2023-10-05 16:42:26,-14.2
2023-10-05 16:42:56,-14.6
2023-10-05 16:43:26,-15.7
2023-10-05 16:43:56,-15.6
2023-10-05 16:44:26,-14.5
2023-10-05 16:44:56,-14.2
2023-10-05 16:45:26,-14.4
2023-10-05 16:45:55,-14.4
2023-10-05 16:46:26,-14.1
2023-10-05 16:46:56,-14.2
2023-10-05 16:47:26,-19.9
2023-10-05 16:47:56,-18.9
2023-10-05 16:48:26,-15.9
2023-10-05 16:48:56,-15.3
2023-10-05 16:49:26,-18.4
2023-10-05 16:49:56,-26.0
2023-10-05 16:50:26,-25.1
2023-10-05 16:50:56,-17.5
2023-10-05 16:51:26,-16.0
2023-10-05 16:51:56,-16.6
2023-10-05 16:52:26,-15.8
2023-10-05 16:52:56,-19.5
2023-10-05 16:53:26,-18.1
2023-10-05 16:53:56,-16.2
2023-10-05 16:54:26,-18.3
2023-10-05 16:54:56,-17.5
2023-10-05 16:55:26,-19.5
2023-10-05 16:55:56,-18.1
2023-10-05 16:56:26,-18.1
2023-10-05 16:56:56,-18.2
2023-10-05 16:57:26,-17.0
2023-10-05 16:57:56,-18.2
2023-10-05 16:58:26,-18.2
2023-10-05 16:58:56,-18.4
2023-10-05 16:59:26,-18.7
2023-10-05 16:59:56,-18.8
2023-10-05 17:00:26,-17.7
2023-10-05 17:00:56,-17.8
2023-10-05 17:01:26,-18.3
2023-10-05 17:01:55,-18.7
2023-10-05 17:02:26,-18.9
2023-10-05 17:02:56,-18.4
2023-10-05 17:03:26,-18.3
2023-10-05 17:03:56,-19.4
2023-10-05 17:04:26,-19.1
2023-10-05 17:04:56,-20.0
2023-10-05 17:05:26,-18.7
2023-10-05 17:05:56,-20.5
2023-10-05 17:06:26,-19.8
2023-10-05 17:06:56,-19.7
2023-10-05 17:07:26,-19.5
2023-10-05 17:07:56,-20.0
2023-10-05 17:08:25,-20.0
2023-10-05 17:08:56,-20.1
2023-10-05 17:09:26,-19.7
2023-10-05 17:09:56,-19.9
2023-10-05 17:10:26,-21.2
2023-10-05 17:10:56,-19.7
2023-10-05 17:11:26,-21.1
2023-10-05 17:11:56,-21.2
2023-10-05 17:12:26,-20.8
2023-10-05 17:12:56,-21.1
2023-10-05 17:13:26,-20.1
2023-10-05 17:13:56,-21.7
2023-10-05 17:14:26,-20.4
2023-10-05 17:14:55,-21.8
2023-10-05 17:15:26,-21.8
2023-10-05 17:15:56,-22.9
2023-10-05 17:16:26,-20.6
2023-10-05 17:16:56,-20.7
2023-10-05 17:17:26,-22.5
2023-10-05 17:17:56,-22.2
2023-10-05 17:18:26,-21.2
2023-10-05 17:18:56,-22.4
2023-10-05 17:19:26,-22.6
2023-10-05 17:19:56,-22.8
2023-10-05 17:20:26,-21.5
2023-10-05 17:20:56,-21.4
2023-10-05 17:21:25,-21.7
2023-10-05 17:21:56,-21.7
2023-10-05 17:22:26,-23.3
2023-10-05 17:22:56,-21.4
2023-10-05 17:23:26,-21.5
2023-10-05 17:23:56,-23.5
2023-10-05 17:24:26,-24.1
2023-10-05 17:24:56,-23.6
2023-10-05 17:25:26,-23.6
2023-10-05 17:25:56,-21.7
2023-10-05 17:26:26,-22.1
2023-10-05 17:26:56,-21.9
2023-10-05 17:27:26,-23.8
2023-10-05 17:27:55,-22.0
2023-10-05 17:28:26,-23.9
2023-10-05 17:28:56,-22.7
2023-10-05 17:29:26,-22.1
2023-10-05 17:29:56,-24.0
2023-10-05 17:30:26,-22.9
2023-10-05 17:30:56,-23.8
2023-10-05 17:31:26,-22.3
2023-10-05 17:31:56,-23.9
2023-10-05 17:32:26,-22.8
2023-10-05 17:32:56,-22.5
2023-10-05 17:33:26,-23.3
2023-10-05 17:33:56,-22.6
2023-10-05 17:34:25,-24.0
2023-10-05 17:34:56,-23.6
2023-10-05 17:35:26,-23.7
2023-10-05 17:35:56,-23.3
2023-10-05 17:36:26,-23.4
2023-10-05 17:36:56,-23.1
2023-10-05 17:37:26,-22.8
2023-10-05 17:37:56,-23.5
2023-10-05 17:38:26,-23.6
2023-10-05 17:38:56,-22.9
2023-10-05 17:39:26,-23.1
2023-10-05 17:39:56,-23.2
2023-10-05 17:40:26,-24.7
2023-10-05 17:40:55,-23.1
2023-10-05 17:41:26,-23.4
2023-10-05 17:41:56,-23.1
2023-10-05 17:42:26,-24.9
2023-10-05 17:42:56,-24.9
2023-10-05 17:43:26,-23.2
2023-10-05 17:43:56,-25.0
2023-10-05 17:44:26,-24.9
2023-10-05 17:44:56,-24.9
2023-10-05 17:45:26,-25.0
2023-10-05 17:45:56,-24.6
2023-10-05 17:46:26,-23.4
2023-10-05 17:46:56,-23.6
2023-10-05 17:47:25,-23.7
2023-10-05 17:47:56,-23.7
2023-10-05 17:48:26,-23.9
2023-10-05 17:48:56,-25.0
2023-10-05 17:49:26,-23.6
2023-10-05 17:49:56,-23.6
2023-10-05 17:50:26,-24.4
2023-10-05 17:50:56,-24.2
2023-10-05 17:51:26,-23.8
2023-10-05 17:51:56,-23.7
2023-10-05 17:52:26,-25.4
2023-10-05 17:52:56,-25.4
2023-10-05 17:53:26,-25.3
2023-10-05 17:53:55,-25.3
2023-10-05 17:54:26,-25.0
2023-10-05 17:54:56,-23.8
2023-10-05 17:55:26,-23.8
2023-10-05 17:55:56,-23.9
2023-10-05 17:56:26,-24.7
2023-10-05 17:56:56,-24.5
2023-10-05 17:57:26,-24.4
2023-10-05 17:57:56,-24.2
2023-10-05 17:58:26,-24.3
2023-10-05 17:58:56,-25.4
2023-10-05 17:59:26,-24.7
2023-10-05 17:59:56,-24.0
2023-10-05 18:00:25,-24.8
2023-10-05 18:00:56,-25.0
2023-10-05 18:01:26,-24.8
2023-10-05 18:01:56,-25.1
2023-10-05 18:02:26,-24.6
2023-10-05 18:02:56,-24.1
2023-10-05 18:03:26,-24.1
2023-10-05 18:03:56,-25.1
2023-10-05 18:04:26,-17.5
2023-10-05 18:04:56,-16.4
2023-10-05 18:05:26,-16.4
2023-10-05 18:05:56,-16.7
2023-10-05 18:06:26,-16.7
2023-10-05 18:06:55,-16.0
2023-10-05 18:07:26,-16.9
2023-10-05 18:07:56,-17.1
2023-10-05 18:08:26,-16.7
2023-10-05 18:08:56,-16.5
2023-10-05 18:09:26,-16.4
2023-10-05 18:09:56,-16.6
2023-10-05 18:10:26,-16.5
2023-10-05 18:10:56,-17.2
2023-10-05 18:11:26,-17.2
2023-10-05 18:11:56,-16.8
2023-10-05 18:12:26,-16.8
2023-10-05 18:12:56,-16.7
2023-10-05 18:13:25,-16.6
2023-10-05 18:13:56,-16.2
2023-10-05 18:14:26,-16.1
2023-10-05 18:14:56,-15.9
2023-10-05 18:15:26,-16.0
2023-10-05 18:15:56,-16.5
2023-10-05 18:16:26,-16.4
2023-10-05 18:16:56,-16.6
2023-10-05 18:17:26,-16.0
2023-10-05 18:17:56,-15.9
2023-10-05 18:18:26,-15.8
2023-10-05 18:18:56,-15.3
2023-10-05 18:19:26,-15.3
2023-10-05 18:19:55,-15.4
2023-10-05 18:20:26,-15.5
2023-10-05 18:20:56,-15.4
2023-10-05 18:21:26,-15.0
2023-10-05 18:21:56,-15.1
2023-10-05 18:22:26,-14.7
2023-10-05 18:22:56,-14.7
2023-10-05 18:23:26,-14.8
2023-10-05 18:23:56,-14.5
2023-10-05 18:24:26,-14.9
2023-10-05 18:24:56,-14.2
2023-10-05 18:25:26,-14.6
2023-10-05 18:25:56,-14.5
2023-10-05 18:26:25,-14.6
2023-10-05 18:26:56,-14.7
2023-10-05 18:27:26,-13.9
2023-10-05 18:27:56,-13.8
2023-10-05 18:28:26,-13.4
2023-10-05 18:28:56,-14.3
2023-10-05 18:29:26,-13.3
2023-10-05 18:29:56,-12.8
2023-10-05 18:30:26,-8.8
2023-10-05 18:30:56,-10.3
2023-10-05 18:31:26,-11.4
2023-10-05 18:31:56,-11.8
2023-10-05 18:32:26,-12.2
2023-10-05 18:32:56,-12.4
2023-10-05 18:33:26,-12.3
2023-10-05 18:33:56,-12.5
2023-10-05 18:34:26,-12.3
2023-10-05 18:34:56,-12.2
2023-10-05 18:35:26,-13.0
2023-10-05 18:35:56,-14.7
2023-10-05 18:36:26,-13.0
2023-10-05 18:36:56,-12.3
2023-10-05 18:37:26,-11.9
2023-10-05 18:37:56,-11.8
2023-10-05 18:38:26,-11.7
2023-10-05 18:38:56,-11.7
2023-10-05 18:39:26,-11.7
2023-10-05 18:39:56,-11.9
2023-10-05 18:40:26,-12.1
2023-10-05 18:40:56,-12.2
2023-10-05 18:41:26,-12.5
2023-10-05 18:41:56,-12.6
2023-10-05 18:42:26,-12.8
2023-10-05 18:42:56,-13.0
2023-10-05 18:43:26,-13.2
2023-10-05 18:43:56,-13.3
2023-10-05 18:44:26,-13.5
2023-10-05 18:44:56,-13.7
2023-10-05 18:45:26,-13.8
2023-10-05 18:45:56,-14.0
2023-10-05 18:46:26,-15.3
2023-10-05 18:46:56,-46.8
2023-10-05 18:47:26,-14.6
2023-10-05 18:47:56,-14.8
2023-10-05 18:48:26,-15.1
2023-10-05 18:48:56,-15.4
2023-10-05 18:49:26,-46.8
2023-10-05 18:49:56,-1.2
2023-10-05 18:50:26,4.5
2023-10-05 18:50:56,-46.8
2023-10-05 18:51:26,-0.9
2023-10-05 18:51:56,-2.5
2023-10-05 18:52:26,-3.3
2023-10-05 18:52:56,-4.1
2023-10-05 18:53:26,-4.6
2023-10-05 18:53:56,-5.0
2023-10-05 18:54:26,-5.7
2023-10-05 18:54:56,-5.8
2023-10-05 18:55:25,2.9
2023-10-05 18:55:56,14.6
2023-10-05 18:56:26,20.4
2023-10-05 18:56:56,15.2
2023-10-05 18:57:26,14.5
2023-10-05 18:57:56,-46.8
2023-10-05 18:58:26,6.2
2023-10-05 18:58:56,5.6
2023-10-05 18:59:26,4.0
2023-10-05 18:59:56,3.0
2023-10-05 19:00:26,1.6
2023-10-05 19:00:56,-46.8
2023-10-05 19:01:26,-0.8
2023-10-05 19:01:55,-1.4
2023-10-05 19:02:26,-2.1
2023-10-05 19:02:56,-4.2
2023-10-05 19:03:26,-4.4
2023-10-05 19:03:56,-46.8
2023-10-05 19:04:26,-46.8
2023-10-05 19:04:56,-5.0
2023-10-05 19:05:26,-7.2
2023-10-05 19:05:56,-6.8
2023-10-05 19:06:26,-6.8
2023-10-05 19:06:56,-18.8
2023-10-05 19:07:26,-8.1
2023-10-05 19:07:56,-8.2
2023-10-05 19:08:25,-8.6
2023-10-05 19:08:56,-8.9
2023-10-05 19:09:26,-9.3
2023-10-05 19:09:56,-9.7
2023-10-05 19:10:26,-10.0
2023-10-05 19:10:56,-10.3
2023-10-05 19:11:26,-10.6
2023-10-05 19:11:56,-10.9
2023-10-05 19:12:26,-11.2
2023-10-05 19:12:56,-11.4
2023-10-05 19:13:26,-11.6
2023-10-05 19:13:56,-11.8
2023-10-05 19:14:26,-12.1
2023-10-05 19:14:55,-12.3
2023-10-05 19:15:26,-12.5
2023-10-05 19:15:56,-12.6
2023-10-05 19:16:26,-12.8
2023-10-05 19:16:56,-13.0
2023-10-05 19:17:26,-13.2
2023-10-05 19:17:56,-13.4
2023-10-05 19:18:26,-13.5
2023-10-05 19:18:56,-13.8
2023-10-05 19:19:26,-14.0
2023-10-05 19:19:56,-13.9
2023-10-05 19:20:26,-14.3
2023-10-05 19:20:56,-14.2
2023-10-05 19:21:25,-14.3
2023-10-05 19:21:56,-14.5
2023-10-05 19:22:26,-14.6
2023-10-05 19:22:56,-14.7
2023-10-05 19:23:26,-14.9
2023-10-05 19:23:56,-15.0
2023-10-05 19:24:26,-15.1
2023-10-05 19:24:56,-15.4
2023-10-05 19:25:26,-15.4
2023-10-05 19:25:56,-15.4
2023-10-05 19:26:26,-15.5
2023-10-05 19:26:56,-14.1
2023-10-05 19:27:26,-14.2
2023-10-05 19:27:55,-14.3
2023-10-05 19:28:26,-14.3
2023-10-05 19:28:56,-14.4
2023-10-05 19:29:26,-14.4
2023-10-05 19:29:56,-14.5
2023-10-05 19:30:26,-14.6
2023-10-05 19:30:56,-14.7
2023-10-05 19:31:26,-14.8
2023-10-05 19:31:56,-14.8
2023-10-05 19:32:26,-15.0
2023-10-05 19:32:56,-15.1
2023-10-05 19:33:26,-15.1
2023-10-05 19:33:56,-15.3
2023-10-05 19:34:25,-15.3
2023-10-05 19:34:56,-15.4
2023-10-05 19:35:26,-15.5
2023-10-05 19:35:56,-15.6
2023-10-05 19:36:26,-15.6
2023-10-05 19:36:56,-15.7
2023-10-05 19:37:26,-15.8
2023-10-05 19:37:56,-15.8
2023-10-05 19:38:26,-15.9
2023-10-05 19:38:56,-16.0
2023-10-05 19:39:26,-16.1
2023-10-05 19:39:56,-16.1
2023-10-05 19:40:26,-16.2
2023-10-05 19:40:56,-16.2
2023-10-05 19:41:26,-16.3
2023-10-05 19:41:56,-16.4
2023-10-05 19:42:26,-16.4
2023-10-05 19:42:56,-16.5
2023-10-05 19:43:26,-16.6
2023-10-05 19:43:56,-16.6
2023-10-05 19:44:26,-16.6
2023-10-05 19:44:56,-16.7
2023-10-05 19:45:26,-16.8
2023-10-05 19:45:56,-16.8
2023-10-05 19:46:26,-16.9
2023-10-05 19:46:56,-15.2
2023-10-05 19:47:26,-15.1
2023-10-05 19:47:56,-15.2
2023-10-05 19:48:26,-15.2
2023-10-05 19:48:56,-15.2
2023-10-05 19:49:26,-15.3
2023-10-05 19:49:56,-15.4
2023-10-05 19:50:26,-15.5
2023-10-05 19:50:56,-15.6
2023-10-05 19:51:26,-15.7
2023-10-05 19:51:56,-15.8
2023-10-05 19:52:26,-15.9
2023-10-05 19:52:56,-16.0
2023-10-05 19:53:26,-16.1
2023-10-05 19:53:56,-16.2
2023-10-05 19:54:26,-16.3
2023-10-05 19:54:56,-16.3
2023-10-05 19:55:26,-16.4
2023-10-05 19:55:56,-16.5
2023-10-05 19:56:26,-16.6
2023-10-05 19:56:55,-16.7
2023-10-05 19:57:26,-16.8
2023-10-05 19:57:56,-16.9
2023-10-05 19:58:26,-16.9
2023-10-05 19:58:56,-17.0
2023-10-05 19:59:26,-17.1
2023-10-05 19:59:56,-17.1
2023-10-05 20:00:26,-17.2
2023-10-05 20:00:56,-17.3
2023-10-05 20:01:26,-17.3
2023-10-05 20:01:56,-17.4
2023-10-05 20:02:26,-17.4
2023-10-05 20:02:56,-17.5
2023-10-05 20:03:25,-17.6
2023-10-05 20:03:56,-17.6
2023-10-05 20:04:26,-17.7
2023-10-05 20:04:56,-17.7
2023-10-05 20:05:26,-17.8
2023-10-05 20:05:56,-17.8
2023-10-05 20:06:26,-17.9
2023-10-05 20:06:56,-18.1
2023-10-05 20:07:26,-18.1
2023-10-05 20:07:56,-18.1
2023-10-05 20:08:26,-18.1
2023-10-05 20:08:56,-18.2
2023-10-05 20:09:26,-18.2
2023-10-05 20:09:55,-18.3
2023-10-05 20:10:26,-18.3
2023-10-05 20:10:56,-18.4
2023-10-05 20:11:26,-18.4
2023-10-05 20:11:56,-18.4
2023-10-05 20:12:26,-18.5
2023-10-05 20:12:56,-18.6
2023-10-05 20:13:26,-18.6
2023-10-05 20:13:56,-18.6
2023-10-05 20:14:26,-18.7
2023-10-05 20:14:56,-18.7
2023-10-05 20:15:26,-18.8
2023-10-05 20:15:56,-18.8
2023-10-05 20:16:25,-18.9
2023-10-05 20:16:56,-18.9
2023-10-05 20:17:26,-18.9
2023-10-05 20:17:56,-19.0
2023-10-05 20:18:26,-19.0
2023-10-05 20:18:56,-19.1
2023-10-05 20:19:26,-19.1
2023-10-05 20:19:56,-19.1
2023-10-05 20:20:26,-19.2
2023-10-05 20:20:56,-19.2
2023-10-05 20:21:26,-19.3
2023-10-05 20:21:56,-19.3
2023-10-05 20:22:26,-19.3
2023-10-05 20:22:55,-19.4
2023-10-05 20:23:26,-19.4
2023-10-05 20:23:56,-19.5
2023-10-05 20:24:26,-19.5
2023-10-05 20:24:56,-19.5
2023-10-05 20:25:26,-19.6
2023-10-05 20:25:56,-19.6
2023-10-05 20:26:26,-19.6
2023-10-05 20:26:56,-19.7
2023-10-05 20:27:26,-19.7
2023-10-05 20:27:56,-19.7
2023-10-05 20:28:26,-19.7
2023-10-05 20:28:56,-19.8
2023-10-05 20:29:25,-19.8
2023-10-05 20:29:56,-19.8
2023-10-05 20:30:26,-19.9
2023-10-05 20:30:56,-19.9
2023-10-05 20:31:26,-19.9
2023-10-05 20:31:56,-19.9
2023-10-05 20:32:26,-20.0
2023-10-05 20:32:56,-20.0
2023-10-05 20:33:26,-20.0
2023-10-05 20:33:56,-20.1
2023-10-05 20:34:26,-20.1
2023-10-05 20:34:56,-20.1
2023-10-05 20:35:26,-20.2
2023-10-05 20:35:55,-20.2
2023-10-05 20:36:26,-20.2
2023-10-05 20:36:56,-20.3
2023-10-05 20:37:26,-20.3
2023-10-05 20:37:56,-20.3
2023-10-05 20:38:26,-20.3
2023-10-05 20:38:56,-20.4
2023-10-05 20:39:26,-20.4
2023-10-05 20:39:56,-20.4
2023-10-05 20:40:26,-20.4
2023-10-05 20:40:56,-20.5
2023-10-05 20:41:26,-20.5
2023-10-05 20:41:56,-20.5
2023-10-05 20:42:25,-20.5
2023-10-05 20:42:56,-20.5
2023-10-05 20:43:26,-20.6
2023-10-05 20:43:56,-20.6
2023-10-05 20:44:26,-20.6
2023-10-05 20:44:56,-20.7
2023-10-05 20:45:26,-20.7
2023-10-05 20:45:56,-20.7
2023-10-05 20:46:26,-20.7
2023-10-05 20:46:56,-20.7
2023-10-05 20:47:26,-20.8
2023-10-05 20:47:56,-20.8
2023-10-05 20:48:26,-20.8
2023-10-05 20:48:56,-20.8
2023-10-05 20:49:26,-20.9
2023-10-05 20:49:56,-20.9
2023-10-05 20:50:26,-20.9
2023-10-05 20:50:56,-20.9
2023-10-05 20:51:26,-20.9
2023-10-05 20:51:56,-21.0
2023-10-05 20:52:26,-21.0
2023-10-05 20:52:56,-21.0
2023-10-05 20:53:26,-21.0
2023-10-05 20:53:56,-21.2
2023-10-05 20:54:26,-21.1
2023-10-05 20:54:56,-21.1
2023-10-05 20:55:26,-21.1
2023-10-05 20:55:56,-21.2
2023-10-05 20:56:26,-21.2
2023-10-05 20:56:56,-21.2
2023-10-05 20:57:26,-21.2
2023-10-05 20:57:56,-21.2
2023-10-05 20:58:26,-21.2
2023-10-05 20:58:56,-21.3
2023-10-05 20:59:26,-21.3
2023-10-05 20:59:56,-21.3
2023-10-05 21:00:26,-21.3
2023-10-05 21:00:56,-21.3
2023-10-05 21:01:26,-21.3
2023-10-05 21:01:56,-21.4
2023-10-05 21:02:26,-21.4
2023-10-05 21:02:56,-21.4
2023-10-05 21:03:26,-21.4
2023-10-05 21:03:56,-21.4
2023-10-05 21:04:26,-21.4
2023-10-05 21:04:55,-21.5
2023-10-05 21:05:26,-21.5
2023-10-05 21:05:56,-21.5
2023-10-05 21:06:26,-21.5
2023-10-05 21:06:56,-21.5
2023-10-05 21:07:26,-21.5
2023-10-05 21:07:56,-21.5
2023-10-05 21:08:26,-21.5
2023-10-05 21:08:56,-21.6
2023-10-05 21:09:26,-21.6
2023-10-05 21:09:56,-21.6
2023-10-05 21:10:26,-21.6
2023-10-05 21:10:56,-21.6
2023-10-05 21:11:25,-21.7
2023-10-05 21:11:56,-21.7
2023-10-05 21:12:26,-21.7
2023-10-05 21:12:56,-21.7
2023-10-05 21:13:26,-21.7
2023-10-05 21:13:56,-21.7
2023-10-05 21:14:26,-21.7
2023-10-05 21:14:56,-21.8
2023-10-05 21:15:26,-21.8
2023-10-05 21:15:56,-21.8
2023-10-05 21:16:26,-21.8
2023-10-05 21:16:56,-21.8
2023-10-05 21:17:26,-21.8
2023-10-05 21:17:55,-21.8
2023-10-05 21:18:26,-21.8
2023-10-05 21:18:56,-21.7
2023-10-05 21:19:26,-21.7
2023-10-05 21:19:56,-21.6
2023-10-05 21:20:26,-21.5
2023-10-05 21:20:56,-21.5
2023-10-05 21:21:26,-21.4
2023-10-05 21:21:56,-21.3
2023-10-05 21:22:26,-21.3
2023-10-05 21:22:56,-21.2
2023-10-05 21:23:26,-21.1
2023-10-05 21:23:56,-21.0
2023-10-05 21:24:25,-20.9
2023-10-05 21:24:56,-20.8
2023-10-05 21:25:26,-20.8
2023-10-05 21:25:56,-20.6
2023-10-05 21:26:26,-20.6
2023-10-05 21:26:56,-20.5
2023-10-05 21:27:26,-20.4
2023-10-05 21:27:56,-20.3
2023-10-05 21:28:26,-20.2
2023-10-05 21:28:56,-20.1
2023-10-05 21:29:26,-20.0
2023-10-05 21:29:56,-19.9
2023-10-05 21:30:26,-19.8
2023-10-05 21:30:55,-19.7
2023-10-05 21:31:26,-19.7
2023-10-05 21:31:56,-20.0
2023-10-05 21:32:26,-19.4
2023-10-05 21:32:56,-19.3
2023-10-05 21:33:26,-19.2
2023-10-05 21:33:56,-19.1
2023-10-05 21:34:26,-19.0
2023-10-05 21:34:56,-18.9
2023-10-05 21:35:26,-18.8
2023-10-05 21:35:56,-18.7
2023-10-05 21:36:26,-18.6
2023-10-05 21:36:56,-18.4
2023-10-05 21:37:25,-18.5
2023-10-05 21:37:56,-18.2
2023-10-05 21:38:26,-18.4
2023-10-05 21:38:56,-18.0
2023-10-05 21:39:26,-17.9
2023-10-05 21:39:56,-18.0
2023-10-05 21:40:26,-17.8
2023-10-05 21:40:56,-17.6
2023-10-05 21:41:26,-17.5
2023-10-05 21:41:56,-17.4
2023-10-05 21:42:26,-17.3
2023-10-05 21:42:56,-17.2
2023-10-05 21:43:26,-17.2
2023-10-05 21:43:55,-17.1
2023-10-05 21:44:26,-17.0
2023-10-05 21:44:56,-16.9
2023-10-05 21:45:26,-16.8
2023-10-05 21:45:56,-16.7
2023-10-05 21:46:26,-16.6
2023-10-05 21:46:56,-16.5
2023-10-05 21:47:26,-16.4
2023-10-05 21:47:56,-16.3
2023-10-05 21:48:26,-16.3
2023-10-05 21:48:56,-16.2
2023-10-05 21:49:26,-16.1
2023-10-05 21:49:56,-16.0
2023-10-05 21:50:25,-15.9
2023-10-05 21:50:56,-15.8
2023-10-05 21:51:26,-15.8
2023-10-05 21:51:56,-15.7
2023-10-05 21:52:26,-15.6
2023-10-05 21:52:56,-15.5
2023-10-05 21:53:26,-15.5
2023-10-05 21:53:56,-15.4
2023-10-05 21:54:26,-15.3
2023-10-05 21:54:56,-15.2
2023-10-05 21:55:26,-15.1
2023-10-05 21:55:56,-15.0
2023-10-05 21:56:26,-14.9
2023-10-05 21:56:56,-15.1
2023-10-05 21:57:26,-14.9
2023-10-05 21:57:56,-14.7
2023-10-05 21:58:26,-14.6
2023-10-05 21:58:56,-14.5
2023-10-05 21:59:26,-14.5
2023-10-05 21:59:56,-14.4
2023-10-05 22:00:26,-14.3
2023-10-05 22:00:56,-14.2
2023-10-05 22:01:26,-14.2
2023-10-05 22:01:56,-14.1
2023-10-05 22:02:26,-14.0
2023-10-05 22:02:56,-13.9
2023-10-05 22:03:26,-13.8
2023-10-05 22:03:56,-13.8
2023-10-05 22:04:26,-13.7
2023-10-05 22:04:56,-13.6
2023-10-05 22:05:26,-13.5
2023-10-05 22:05:56,-13.5
2023-10-05 22:06:25,-13.4
2023-10-05 22:06:56,-13.3
2023-10-05 22:07:26,-13.2
2023-10-05 22:07:56,-13.2
2023-10-05 22:08:26,-13.1
2023-10-05 22:08:56,-13.0
2023-10-05 22:09:26,-12.9
2023-10-05 22:09:56,-12.8
2023-10-05 22:10:26,-12.8
2023-10-05 22:10:56,-12.7
2023-10-05 22:11:26,-12.6
2023-10-05 22:11:56,-12.6
2023-10-05 22:12:26,-12.5
2023-10-05 22:12:55,-12.4
2023-10-05 22:13:26,-12.3
2023-10-05 22:13:56,-12.3
2023-10-05 22:14:26,-12.3
2023-10-05 22:14:56,-12.2
2023-10-05 22:15:26,-12.2
2023-10-05 22:15:56,-12.3
2023-10-05 22:16:26,-12.3
2023-10-05 22:16:56,-12.4
2023-10-05 22:17:26,-12.5
2023-10-05 22:17:56,-12.5
2023-10-05 22:18:26,-12.6
2023-10-05 22:18:56,-12.7
2023-10-05 22:19:25,-12.8
2023-10-05 22:19:56,-13.0
2023-10-05 22:20:26,-13.1
2023-10-05 22:20:56,-13.2
2023-10-05 22:21:26,-13.3
2023-10-05 22:21:56,-13.4
2023-10-05 22:22:26,-13.6
2023-10-05 22:22:56,-13.7
2023-10-05 22:23:26,-13.8
2023-10-05 22:23:56,-15.0
2023-10-05 22:24:26,-14.1
2023-10-05 22:24:56,-14.2
2023-10-05 22:25:26,-14.4
2023-10-05 22:25:55,-14.5
2023-10-05 22:26:26,-14.6
2023-10-05 22:26:56,-14.7
2023-10-05 22:27:26,-14.9
2023-10-05 22:27:56,-15.0
2023-10-05 22:28:26,-15.1
2023-10-05 22:28:56,-15.3
2023-10-05 22:29:26,-15.4
2023-10-05 22:29:56,-15.5
2023-10-05 22:30:26,-15.6
2023-10-05 22:30:56,-15.8
2023-10-05 22:31:26,-15.9
2023-10-05 22:31:56,-16.0
2023-10-05 22:32:25,-16.1
2023-10-05 22:32:56,-16.2
2023-10-05 22:33:26,-16.3
2023-10-05 22:33:56,-16.5
2023-10-05 22:34:26,-16.6
2023-10-05 22:34:56,-16.7
2023-10-05 22:35:26,-16.8
2023-10-05 22:35:56,-16.9
2023-10-05 22:36:26,-17.0
2023-10-05 22:36:56,-17.1
2023-10-05 22:37:26,-17.2
2023-10-05 22:37:56,-17.3
2023-10-05 22:38:26,-17.4
2023-10-05 22:38:55,-17.5
2023-10-05 22:39:26,-17.6
2023-10-05 22:39:56,-17.7
2023-10-05 22:40:26,-17.8
2023-10-05 22:40:56,-17.9
2023-10-05 22:41:26,-18.0
2023-10-05 22:41:56,-18.1
2023-10-05 22:42:26,-18.2
2023-10-05 22:42:56,-18.2
2023-10-05 22:43:26,-18.4
2023-10-05 22:43:56,-18.4
2023-10-05 22:44:26,-18.5
2023-10-05 22:44:56,-18.6
2023-10-05 22:45:26,-18.7
2023-10-05 22:45:56,-18.8
2023-10-05 22:46:26,-18.8
2023-10-05 22:46:56,-18.9
2023-10-05 22:47:26,-19.0
2023-10-05 22:47:56,-19.1
2023-10-05 22:48:26,-19.1
2023-10-05 22:48:56,-19.2
2023-10-05 22:49:26,-19.3
2023-10-05 22:49:56,-19.4
2023-10-05 22:50:26,-19.4
2023-10-05 22:50:56,-19.5
2023-10-05 22:51:26,-19.5
2023-10-05 22:51:56,-19.6
2023-10-05 22:52:26,-19.7
2023-10-05 22:52:56,-19.7
2023-10-05 22:53:26,-19.8
2023-10-05 22:53:56,-19.9
2023-10-05 22:54:26,-19.9
2023-10-05 22:54:55,-20.0
2023-10-05 22:55:26,-20.0
2023-10-05 22:55:56,-20.1
2023-10-05 22:56:26,-20.2
2023-10-05 22:56:56,-20.2
2023-10-05 22:57:26,-20.3
2023-10-05 22:57:56,-20.3
2023-10-05 22:58:26,-20.3
2023-10-05 22:58:56,-20.4
2023-10-05 22:59:26,-20.5
2023-10-05 22:59:56,-20.5
2023-10-05 23:00:26,-20.6
2023-10-05 23:00:56,-20.6
2023-10-05 23:01:25,-20.7
2023-10-05 23:01:56,-20.7
2023-10-05 23:02:26,-20.8
2023-10-05 23:02:56,-20.8
2023-10-05 23:03:26,-20.9
2023-10-05 23:03:56,-20.9
2023-10-05 23:04:26,-20.9
2023-10-05 23:04:56,-21.0
2023-10-05 23:05:26,-21.0
2023-10-05 23:05:56,-21.1
2023-10-05 23:06:26,-21.1
2023-10-05 23:06:56,-21.2
2023-10-05 23:07:26,-21.2
2023-10-05 23:07:55,-21.2
2023-10-05 23:08:26,-21.3
2023-10-05 23:08:56,-21.3
2023-10-05 23:09:26,-21.3
2023-10-05 23:09:56,-21.4
2023-10-05 23:10:26,-21.4
2023-10-05 23:10:56,-21.4
2023-10-05 23:11:26,-21.4
2023-10-05 23:11:56,-21.3
2023-10-05 23:12:26,-21.3
2023-10-05 23:12:56,-21.3
2023-10-05 23:13:26,-21.2
2023-10-05 23:13:56,-21.2
2023-10-05 23:14:25,-21.2
2023-10-05 23:14:56,-21.1
2023-10-05 23:15:26,-21.0
2023-10-05 23:15:56,-20.9
2023-10-05 23:16:26,-20.9
2023-10-05 23:16:56,-20.8
2023-10-05 23:17:26,-20.7
2023-10-05 23:17:56,-20.7
2023-10-05 23:18:26,-20.6
2023-10-05 23:18:56,-20.5
2023-10-05 23:19:26,-20.4
2023-10-05 23:19:56,-20.3
2023-10-05 23:20:26,-20.2
2023-10-05 23:20:55,-20.1
2023-10-05 23:21:26,-20.0
2023-10-05 23:21:56,-20.0
2023-10-05 23:22:26,-19.9
2023-10-05 23:22:56,-19.8
2023-10-05 23:23:26,-19.7
2023-10-05 23:23:56,-19.6
2023-10-05 23:24:26,-19.5
2023-10-05 23:24:56,-19.4
2023-10-05 23:25:26,-19.3
2023-10-05 23:25:56,-19.2
2023-10-05 23:26:26,-19.1
2023-10-05 23:26:56,-19.0
2023-10-05 23:27:25,-18.9
2023-10-05 23:27:56,-18.8
2023-10-05 23:28:26,-18.7
2023-10-05 23:28:56,-18.6
2023-10-05 23:29:26,-18.5
2023-10-05 23:29:56,-18.4
2023-10-05 23:30:26,-18.4
2023-10-05 23:30:56,-18.3
2023-10-05 23:31:26,-18.2
2023-10-05 23:31:56,-18.1
2023-10-05 23:32:26,-18.0
2023-10-05 23:32:56,-17.9
2023-10-05 23:33:26,-17.8
2023-10-05 23:33:56,-18.9
2023-10-05 23:34:26,-18.7
2023-10-05 23:34:56,-17.5
2023-10-05 23:35:26,-17.4
2023-10-05 23:35:56,-17.3
2023-10-05 23:36:26,-17.2
2023-10-05 23:36:56,-17.1
2023-10-05 23:37:26,-17.0
2023-10-05 23:37:56,-16.9
2023-10-05 23:38:26,-16.9
2023-10-05 23:38:56,-16.7
2023-10-05 23:39:26,-16.7
2023-10-05 23:39:56,-16.6
2023-10-05 23:40:26,-16.5
2023-10-05 23:40:56,-16.4
2023-10-05 23:41:26,-16.3
2023-10-05 23:41:56,-16.2
2023-10-05 23:42:26,-16.1
2023-10-05 23:42:56,-16.7
2023-10-05 23:43:25,-16.0
2023-10-05 23:43:56,-15.9
2023-10-05 23:44:26,-15.9
2023-10-05 23:44:56,-15.7
2023-10-05 23:45:26,-15.6
2023-10-05 23:45:56,-15.5
2023-10-05 23:46:26,-15.4
2023-10-05 23:46:56,-15.4
2023-10-05 23:47:26,-15.3
2023-10-05 23:47:56,-15.3
2023-10-05 23:48:26,-15.8
2023-10-05 23:48:56,-15.3
2023-10-05 23:49:26,-16.1
2023-10-05 23:49:55,-14.9
2023-10-05 23:50:26,-16.3
2023-10-05 23:50:56,-14.7
2023-10-05 23:51:26,-15.7
2023-10-05 23:51:56,-14.6
2023-10-05 23:52:26,-14.5
2023-10-05 23:52:56,-14.5
2023-10-05 23:53:26,-14.7
2023-10-05 23:53:56,-16.0
2023-10-05 23:54:26,-20.0
2023-10-05 23:54:56,-14.2
2023-10-05 23:55:26,-14.3
2023-10-05 23:55:56,-14.3
2023-10-05 23:56:25,-13.8
2023-10-05 23:56:56,-13.7
2023-10-05 23:57:26,-13.6
2023-10-05 23:57:56,-13.5
2023-10-05 23:58:26,-13.5
2023-10-05 23:58:56,-15.0
2023-10-05 23:59:26,-13.3
2023-10-05 23:59:56,-13.2
2023-10-06 00:00:26,-13.1
2023-10-06 00:00:56,-13.1
2023-10-06 00:01:26,-13.0
2023-10-06 00:01:56,-12.9
2023-10-06 00:02:26,-12.8
2023-10-06 00:02:55,-12.8
2023-10-06 00:03:26,-12.7
2023-10-06 00:03:56,-12.6
2023-10-06 00:04:26,-12.5
2023-10-06 00:04:56,-12.5
2023-10-06 00:05:26,-12.4
2023-10-06 00:05:56,-12.4
2023-10-06 00:06:26,-12.4
2023-10-06 00:06:56,-12.4
2023-10-06 00:07:26,-12.4
2023-10-06 00:07:56,-12.4
2023-10-06 00:08:26,-12.5
2023-10-06 00:08:56,-12.6
2023-10-06 00:09:25,-12.6
2023-10-06 00:09:56,-12.7
2023-10-06 00:10:26,-12.8
2023-10-06 00:10:56,-12.9
2023-10-06 00:11:26,-13.0
2023-10-06 00:11:56,-13.2
2023-10-06 00:12:26,-13.3
2023-10-06 00:12:56,-13.4
2023-10-06 00:13:26,-13.5
2023-10-06 00:13:56,-13.7
2023-10-06 00:14:26,-13.8
2023-10-06 00:14:56,-13.9
2023-10-06 00:15:26,-14.1
2023-10-06 00:15:55,-14.2
2023-10-06 00:16:26,-14.3
2023-10-06 00:16:56,-14.5
2023-10-06 00:17:26,-14.6
2023-10-06 00:17:56,-14.7
2023-10-06 00:18:26,-14.9
2023-10-06 00:18:56,-15.0
2023-10-06 00:19:26,-15.1
2023-10-06 00:19:56,-15.2
2023-10-06 00:20:26,-15.4
2023-10-06 00:20:56,-15.5
2023-10-06 00:21:26,-15.6
2023-10-06 00:21:56,-15.7
2023-10-06 00:22:26,-15.9
2023-10-06 00:22:56,-16.0
2023-10-06 00:23:26,-16.1
2023-10-06 00:23:56,-16.2
2023-10-06 00:24:26,-16.4
2023-10-06 00:24:56,-16.5
2023-10-06 00:25:26,-16.6
2023-10-06 00:25:56,-16.7
2023-10-06 00:26:26,-16.8
2023-10-06 00:26:56,-16.9
2023-10-06 00:27:26,-17.0
2023-10-06 00:27:56,-17.2
2023-10-06 00:28:26,-17.3
2023-10-06 00:28:56,-17.4
2023-10-06 00:29:26,-17.5
2023-10-06 00:29:56,-17.6
2023-10-06 00:30:26,-17.7
2023-10-06 00:30:56,-17.7
2023-10-06 00:31:26,-17.9
2023-10-06 00:31:55,-18.0
2023-10-06 00:32:26,-18.0
2023-10-06 00:32:56,-18.1
2023-10-06 00:33:26,-18.2
2023-10-06 00:33:56,-18.3
2023-10-06 00:34:26,-18.4
2023-10-06 00:34:56,-18.5
2023-10-06 00:35:26,-18.6
2023-10-06 00:35:56,-18.7
2023-10-06 00:36:26,-18.8
2023-10-06 00:36:56,-18.9
2023-10-06 00:37:26,-18.9
2023-10-06 00:37:56,-19.0
2023-10-06 00:38:25,-19.1
2023-10-06 00:38:56,-19.2
2023-10-06 00:39:26,-19.2
2023-10-06 00:39:56,-19.3
2023-10-06 00:40:26,-19.4
2023-10-06 00:40:56,-19.5
2023-10-06 00:41:26,-19.5
2023-10-06 00:41:56,-19.6
2023-10-06 00:42:26,-19.7
2023-10-06 00:42:56,-19.7
2023-10-06 00:43:26,-19.8
2023-10-06 00:43:56,-19.8
2023-10-06 00:44:26,-19.9
2023-10-06 00:44:55,-20.0
2023-10-06 00:45:26,-20.0
2023-10-06 00:45:56,-20.1
2023-10-06 00:46:26,-20.1
2023-10-06 00:46:56,-20.2
2023-10-06 00:47:26,-20.3
2023-10-06 00:47:56,-20.3
2023-10-06 00:48:26,-20.4
2023-10-06 00:48:56,-20.4
2023-10-06 00:49:26,-20.5
2023-10-06 00:49:56,-20.5
2023-10-06 00:50:26,-20.6
2023-10-06 00:50:56,-20.6
2023-10-06 00:51:25,-20.7
2023-10-06 00:51:56,-20.7
2023-10-06 00:52:26,-20.8
2023-10-06 00:52:56,-20.8
2023-10-06 00:53:26,-20.9
2023-10-06 00:53:56,-20.9
2023-10-06 00:54:26,-21.0
2023-10-06 00:54:56,-21.0
2023-10-06 00:55:26,-21.1
2023-10-06 00:55:56,-21.1
2023-10-06 00:56:26,-21.1
2023-10-06 00:56:56,-21.2
2023-10-06 00:57:26,-21.2
2023-10-06 00:57:56,-21.3
2023-10-06 00:58:26,-21.3
2023-10-06 00:58:56,-21.3
2023-10-06 00:59:26,-21.4
2023-10-06 00:59:56,-21.4
2023-10-06 01:00:26,-21.4
2023-10-06 01:00:56,-21.4
2023-10-06 01:01:26,-21.4
2023-10-06 01:01:56,-21.4
2023-10-06 01:02:26,-21.4
2023-10-06 01:02:56,-21.4
2023-10-06 01:03:26,-21.4
2023-10-06 01:03:56,-21.3
2023-10-06 01:04:26,-21.3
2023-10-06 01:04:56,-21.2
2023-10-06 01:05:26,-21.2
2023-10-06 01:05:56,-21.1
2023-10-06 01:06:26,-21.0
2023-10-06 01:06:56,-20.9
2023-10-06 01:07:25,-20.9
2023-10-06 01:07:56,-20.8
2023-10-06 01:08:26,-20.7
2023-10-06 01:08:56,-20.6
2023-10-06 01:09:26,-20.6
2023-10-06 01:09:56,-20.5
2023-10-06 01:10:26,-20.4
2023-10-06 01:10:56,-20.3
2023-10-06 01:11:26,-20.2
2023-10-06 01:11:56,-20.2
2023-10-06 01:12:26,-20.0
2023-10-06 01:12:56,-20.0
2023-10-06 01:13:26,-19.9
2023-10-06 01:13:55,-19.8
2023-10-06 01:14:26,-19.7
2023-10-06 01:14:56,-19.6
2023-10-06 01:15:26,-19.5
2023-10-06 01:15:56,-19.4
2023-10-06 01:16:26,-19.3
2023-10-06 01:16:56,-19.2
2023-10-06 01:17:26,-19.1
2023-10-06 01:17:56,-19.0
2023-10-06 01:18:26,-18.9
2023-10-06 01:18:56,-18.8
2023-10-06 01:19:26,-18.7
2023-10-06 01:19:56,-18.6
2023-10-06 01:20:25,-18.5
2023-10-06 01:20:56,-18.4
2023-10-06 01:21:26,-18.3
2023-10-06 01:21:56,-18.3
2023-10-06 01:22:26,-18.2
2023-10-06 01:22:56,-18.1
2023-10-06 01:23:26,-18.0
2023-10-06 01:23:56,-17.9
2023-10-06 01:24:26,-17.8
2023-10-06 01:24:56,-17.7
2023-10-06 01:25:26,-17.6
2023-10-06 01:25:56,-17.5
2023-10-06 01:26:26,-17.4
2023-10-06 01:26:55,-17.3
2023-10-06 01:27:26,-17.2
2023-10-06 01:27:56,-17.1
2023-10-06 01:28:26,-17.0
2023-10-06 01:28:56,-16.9
2023-10-06 01:29:26,-16.8
2023-10-06 01:29:56,-16.7
2023-10-06 01:30:26,-16.7
2023-10-06 01:30:56,-16.6
2023-10-06 01:31:26,-16.5
2023-10-06 01:31:56,-16.4
2023-10-06 01:32:26,-16.3
2023-10-06 01:32:56,-16.2
2023-10-06 01:33:25,-16.1
2023-10-06 01:33:56,-16.0
2023-10-06 01:34:26,-15.9
2023-10-06 01:34:56,-15.8
2023-10-06 01:35:26,-15.8
2023-10-06 01:35:56,-15.7
2023-10-06 01:36:26,-15.6
2023-10-06 01:36:56,-15.5
2023-10-06 01:37:26,-15.4
2023-10-06 01:37:56,-15.3
2023-10-06 01:38:26,-15.2
2023-10-06 01:38:56,-15.1
2023-10-06 01:39:26,-15.1
2023-10-06 01:39:56,-15.0
2023-10-06 01:40:26,-14.9
2023-10-06 01:40:56,-14.8
2023-10-06 01:41:26,-14.7
2023-10-06 01:41:56,-14.6
2023-10-06 01:42:26,-14.6
2023-10-06 01:42:56,-14.5
2023-10-06 01:43:26,-14.4
2023-10-06 01:43:56,-14.3
2023-10-06 01:44:26,-14.2
2023-10-06 01:44:56,-14.2
2023-10-06 01:45:26,-14.1
2023-10-06 01:45:56,-14.0
2023-10-06 01:46:26,-13.9
2023-10-06 01:46:56,-13.8
2023-10-06 01:47:26,-13.8
2023-10-06 01:47:56,-13.7
2023-10-06 01:48:26,-13.6
2023-10-06 01:48:56,-13.5
2023-10-06 01:49:27,-13.5
2023-10-06 01:49:56,-13.4
2023-10-06 01:50:26,-13.3
2023-10-06 01:50:56,-13.2
2023-10-06 01:51:26,-13.2
2023-10-06 01:51:56,-13.1
2023-10-06 01:52:26,-13.0
2023-10-06 01:52:56,-12.9
2023-10-06 01:53:26,-12.8
2023-10-06 01:53:56,-12.8
2023-10-06 01:54:26,-12.7
2023-10-06 01:54:56,-12.6
2023-10-06 01:55:26,-12.6
2023-10-06 01:55:57,-12.5
2023-10-06 01:56:26,-12.4
2023-10-06 01:56:56,-12.4
2023-10-06 01:57:26,-12.3
2023-10-06 01:57:56,-12.3
2023-10-06 01:58:26,-12.3
2023-10-06 01:58:56,-12.4
2023-10-06 01:59:26,-12.4
2023-10-06 01:59:56,-12.5
2023-10-06 02:00:26,-12.6
2023-10-06 02:00:56,-12.7
2023-10-06 02:01:26,-12.8
2023-10-06 02:01:56,-12.9
2023-10-06 02:02:27,-13.0
2023-10-06 02:02:56,-13.1
2023-10-06 02:03:26,-13.2
2023-10-06 02:03:56,-13.3
2023-10-06 02:04:26,-13.5
2023-10-06 02:04:56,-13.6
2023-10-06 02:05:26,-13.7
2023-10-06 02:05:56,-13.8
2023-10-06 02:06:26,-14.0
2023-10-06 02:06:56,-14.1
2023-10-06 02:07:26,-14.3
2023-10-06 02:07:56,-14.5
2023-10-06 02:08:26,-15.1
2023-10-06 02:08:57,-14.7
2023-10-06 02:09:26,-14.8
2023-10-06 02:09:56,-15.2
2023-10-06 02:10:26,-15.1
2023-10-06 02:10:56,-15.2
2023-10-06 02:11:26,-15.4
2023-10-06 02:11:56,-15.5
2023-10-06 02:12:26,-15.6
2023-10-06 02:12:56,-15.8
2023-10-06 02:13:26,-15.8
2023-10-06 02:13:56,-16.0
2023-10-06 02:14:26,-16.1
2023-10-06 02:14:56,-16.2
2023-10-06 02:15:26,-16.3
2023-10-06 02:15:56,-16.6
2023-10-06 02:16:26,-16.7
2023-10-06 02:16:56,-16.7
2023-10-06 02:17:26,-17.1
2023-10-06 02:17:56,-17.0
2023-10-06 02:18:26,-17.1
2023-10-06 02:18:56,-17.2
2023-10-06 02:19:26,-17.3
2023-10-06 02:19:56,-17.4
2023-10-06 02:20:26,-17.5
2023-10-06 02:20:56,-17.6
2023-10-06 02:21:26,-17.7
2023-10-06 02:21:56,-17.8
2023-10-06 02:22:26,-17.9
2023-10-06 02:22:56,-18.0
2023-10-06 02:23:26,-18.1
2023-10-06 02:23:56,-18.1
2023-10-06 02:24:26,-18.2
2023-10-06 02:24:57,-18.3
2023-10-06 02:25:26,-18.4
2023-10-06 02:25:56,-18.5
2023-10-06 02:26:26,-18.6
2023-10-06 02:26:56,-18.7
2023-10-06 02:27:26,-18.8
2023-10-06 02:27:56,-18.9
2023-10-06 02:28:26,-18.9
2023-10-06 02:28:56,-19.0
2023-10-06 02:29:26,-19.1
2023-10-06 02:29:56,-19.2
2023-10-06 02:30:26,-19.2
2023-10-06 02:30:56,-19.3
2023-10-06 02:31:27,-19.4
2023-10-06 02:31:56,-20.3
2023-10-06 02:32:26,-19.7
2023-10-06 02:32:56,-19.7
2023-10-06 02:33:26,-19.7
2023-10-06 02:33:56,-19.8
2023-10-06 02:34:26,-19.8
2023-10-06 02:34:56,-19.9
2023-10-06 02:35:26,-20.0
2023-10-06 02:35:56,-20.0
2023-10-06 02:36:26,-20.1
2023-10-06 02:36:56,-20.1
2023-10-06 02:37:26,-20.2
2023-10-06 02:37:57,-20.3
2023-10-06 02:38:26,-20.3
2023-10-06 02:38:56,-20.4
2023-10-06 02:39:26,-20.4
2023-10-06 02:39:56,-20.5
2023-10-06 02:40:26,-20.6
2023-10-06 02:40:56,-20.6
2023-10-06 02:41:26,-20.7
2023-10-06 02:41:56,-21.9
2023-10-06 02:42:26,-21.6
2023-10-06 02:42:56,-21.3
2023-10-06 02:43:26,-21.4
2023-10-06 02:43:56,-29.1
2023-10-06 02:44:27,-29.4
2023-10-06 02:44:56,-30.4
2023-10-06 02:45:26,-29.1
2023-10-06 02:45:56,-38.7
2023-10-06 02:46:26,-44.6
2023-10-06 02:46:56,-43.7
2023-10-06 02:47:26,-41.2
2023-10-06 02:47:56,-45.8
2023-10-06 02:48:26,-43.4
2023-10-06 02:48:56,-43.4
2023-10-06 02:49:26,-43.1
2023-10-06 02:49:56,-46.8
2023-10-06 02:50:26,-46.8
2023-10-06 02:50:56,-41.8
2023-10-06 02:51:26,-35.1
2023-10-06 02:51:56,-41.1
2023-10-06 02:52:26,-38.9
2023-10-06 02:52:56,-39.9
2023-10-06 02:53:26,-34.0
2023-10-06 02:53:56,-33.0
2023-10-06 02:54:26,-26.9
2023-10-06 02:54:56,-25.9
2023-10-06 02:55:26,-25.2
2023-10-06 02:55:56,-29.5
2023-10-06 02:56:26,-29.1
2023-10-06 02:56:56,-34.2
2023-10-06 02:57:26,-34.8
2023-10-06 02:57:56,-45.8
2023-10-06 02:58:26,-46.8
2023-10-06 02:58:56,-35.8
2023-10-06 02:59:26,-27.7
2023-10-06 02:59:56,-29.9
2023-10-06 03:00:27,-24.1
2023-10-06 03:00:56,-22.9
2023-10-06 03:01:26,-22.4
2023-10-06 03:01:56,-46.8
2023-10-06 03:02:26,-25.7
2023-10-06 03:02:56,-21.8
2023-10-06 03:03:26,-21.6
2023-10-06 03:03:56,-21.3
2023-10-06 03:04:26,-46.8
2023-10-06 03:04:56,-46.8
2023-10-06 03:05:26,-46.8
2023-10-06 03:05:56,-46.8
2023-10-06 03:06:26,-21.3
2023-10-06 03:06:57,-22.7
2023-10-06 03:07:26,-46.8
2023-10-06 03:07:56,-46.8
2023-10-06 03:08:26,-46.8
2023-10-06 03:08:56,-46.8
2023-10-06 03:09:26,-46.8
2023-10-06 03:09:56,-24.6
2023-10-06 03:10:26,-21.8
2023-10-06 03:10:56,-21.3
2023-10-06 03:11:26,-23.8
2023-10-06 03:11:56,-22.1
2023-10-06 03:12:26,-26.7
2023-10-06 03:12:56,-31.0
2023-10-06 03:13:27,-21.2
2023-10-06 03:13:56,-21.0
2023-10-06 03:14:26,-23.8
2023-10-06 03:14:56,-22.6
2023-10-06 03:15:26,-21.5
2023-10-06 03:15:56,-25.2
2023-10-06 03:16:26,-44.2
2023-10-06 03:16:56,-34.6
2023-10-06 03:17:26,-35.4
2023-10-06 03:17:56,-25.3
2023-10-06 03:18:26,-20.0
2023-10-06 03:18:56,-33.2
2023-10-06 03:19:26,-17.9
2023-10-06 03:19:57,-38.7
2023-10-06 03:20:26,-36.7
2023-10-06 03:20:56,-46.8
2023-10-06 03:21:26,-17.4
2023-10-06 03:21:56,-20.3
2023-10-06 03:22:26,-17.0
2023-10-06 03:22:56,-17.1
2023-10-06 03:23:26,-17.4
2023-10-06 03:23:56,-17.0
2023-10-06 03:24:26,-17.0
2023-10-06 03:24:56,-17.1
2023-10-06 03:25:26,-17.2
2023-10-06 03:25:56,-16.5
2023-10-06 03:26:26,-17.2
2023-10-06 03:26:56,-19.1
2023-10-06 03:27:26,-16.9
2023-10-06 03:27:56,-18.8
2023-10-06 03:28:26,-17.0
2023-10-06 03:28:56,-16.1
2023-10-06 03:29:26,-16.9
2023-10-06 03:29:56,-16.1
2023-10-06 03:30:26,-16.3
2023-10-06 03:30:56,-16.7
2023-10-06 03:31:26,-16.4
2023-10-06 03:31:56,-46.8
2023-10-06 03:32:26,-46.8
2023-10-06 03:32:56,-46.8
2023-10-06 03:33:26,-46.8
2023-10-06 03:33:56,-16.1
2023-10-06 03:34:26,-15.2
2023-10-06 03:34:56,-46.8
2023-10-06 03:35:26,-46.8
2023-10-06 03:35:55,-46.8
2023-10-06 03:36:26,-46.8
2023-10-06 03:36:56,-46.8
2023-10-06 03:37:26,-46.8
2023-10-06 03:37:56,-46.8
2023-10-06 03:38:26,-46.8
2023-10-06 03:38:56,-46.8
2023-10-06 03:39:26,-14.3
2023-10-06 03:39:56,-14.4
2023-10-06 03:40:26,-46.8
2023-10-06 03:40:56,-46.8
2023-10-06 03:41:26,-46.8
2023-10-06 03:41:56,-15.1
2023-10-06 03:42:25,-14.7
2023-10-06 03:42:56,-14.8
2023-10-06 03:43:26,-14.3
2023-10-06 03:43:56,-15.1
2023-10-06 03:44:26,-14.4
2023-10-06 03:44:56,-14.0
2023-10-06 03:45:26,-13.4
2023-10-06 03:45:56,-13.2
2023-10-06 03:46:26,-14.7
2023-10-06 03:46:56,-13.6
2023-10-06 03:47:26,-13.9
2023-10-06 03:47:56,-12.9
2023-10-06 03:48:26,-14.1
2023-10-06 03:48:55,-12.9
2023-10-06 03:49:26,-19.6
2023-10-06 03:49:56,-13.9
2023-10-06 03:50:26,-14.5
2023-10-06 03:50:56,-17.7
2023-10-06 03:51:26,-20.6
2023-10-06 03:51:56,-13.8
2023-10-06 03:52:26,-14.3
2023-10-06 03:52:56,-13.5
2023-10-06 03:53:26,-14.2
2023-10-06 03:53:56,-13.8
2023-10-06 03:54:26,-14.5
2023-10-06 03:54:56,-15.8
2023-10-06 03:55:27,-14.1
2023-10-06 03:55:56,-14.3
2023-10-06 03:56:26,-16.0
2023-10-06 03:56:56,-14.7
2023-10-06 03:57:26,-16.0
2023-10-06 03:57:56,-14.8
2023-10-06 03:58:26,-15.0
2023-10-06 03:58:56,-15.1
2023-10-06 03:59:26,-15.2
2023-10-06 03:59:56,-15.5
2023-10-06 04:00:26,-16.0
2023-10-06 04:00:56,-17.9
2023-10-06 04:01:26,-16.0
2023-10-06 04:01:56,-16.4
2023-10-06 04:02:26,-17.3
2023-10-06 04:02:56,-16.8
2023-10-06 04:03:26,-16.2
2023-10-06 04:03:56,-23.3
2023-10-06 04:04:26,-17.3
2023-10-06 04:04:56,-46.8
2023-10-06 04:05:26,-46.8
2023-10-06 04:05:56,-46.8
2023-10-06 04:06:26,-17.4
2023-10-06 04:06:56,-18.1
2023-10-06 04:07:26,-17.5
2023-10-06 04:07:56,-17.8
2023-10-06 04:08:26,-17.8
2023-10-06 04:08:56,-18.2
2023-10-06 04:09:26,-18.4
2023-10-06 04:09:56,-18.3
2023-10-06 04:10:26,-24.4
2023-10-06 04:10:56,-18.6
2023-10-06 04:11:27,-18.2
2023-10-06 04:11:56,-18.1
2023-10-06 04:12:26,-18.5
2023-10-06 04:12:56,-19.4
2023-10-06 04:13:26,-19.4
2023-10-06 04:13:56,-18.5
2023-10-06 04:14:26,-18.5
2023-10-06 04:14:56,-18.7
2023-10-06 04:15:26,-18.9
2023-10-06 04:15:56,-19.6
2023-10-06 04:16:26,-46.8
2023-10-06 04:16:56,-46.8
2023-10-06 04:17:26,-46.8
2023-10-06 04:17:57,-46.8
2023-10-06 04:18:26,-46.8
2023-10-06 04:18:56,-46.8
2023-10-06 04:19:26,-46.8
2023-10-06 04:19:56,-46.8
2023-10-06 04:20:26,-46.8
2023-10-06 04:20:56,-46.8
2023-10-06 04:21:26,-46.8
2023-10-06 04:21:56,-46.8
2023-10-06 04:22:26,-46.8
2023-10-06 04:22:56,-46.8
2023-10-06 04:23:26,-46.8
2023-10-06 04:23:56,-46.8
2023-10-06 04:24:27,-46.8
2023-10-06 04:24:56,-46.8
2023-10-06 04:25:26,-46.8
2023-10-06 04:25:56,-46.8
2023-10-06 04:26:26,-46.8
2023-10-06 04:26:56,-46.8
2023-10-06 04:27:26,-46.8
2023-10-06 04:27:56,-46.8
2023-10-06 04:28:26,-46.8
2023-10-06 04:28:56,-46.8
2023-10-06 04:29:26,-46.8
2023-10-06 04:29:56,-46.8
2023-10-06 04:30:26,-46.8
2023-10-06 04:30:57,-46.8
2023-10-06 04:31:26,-46.8
2023-10-06 04:31:56,-46.8
2023-10-06 04:32:26,-46.8
2023-10-06 04:32:56,-46.8
2023-10-06 04:33:26,-46.8
2023-10-06 04:33:56,-46.8
2023-10-06 04:34:26,-46.8
2023-10-06 04:34:56,-46.8
2023-10-06 04:35:26,-46.8
2023-10-06 04:35:56,-46.8
2023-10-06 04:36:26,-46.8
2023-10-06 04:36:56,-46.8
2023-10-06 04:37:26,-46.8
2023-10-06 04:37:56,-46.8
2023-10-06 04:38:26,-46.8
2023-10-06 04:38:56,-46.8
2023-10-06 04:39:26,-46.8
2023-10-06 04:39:56,-46.8
2023-10-06 04:40:27,-46.8
2023-10-06 04:40:56,-46.8
2023-10-06 04:41:26,-46.8
2023-10-06 04:41:56,-46.8
2023-10-06 04:42:26,-46.8
2023-10-06 04:42:56,-46.8
2023-10-06 04:43:26,-46.8
2023-10-06 04:43:56,-46.8
2023-10-06 04:44:26,-46.8
2023-10-06 04:44:56,-46.8
2023-10-06 04:45:26,-46.8
2023-10-06 04:45:56,-46.8
2023-10-06 04:46:26,-46.8
2023-10-06 04:46:57,-46.8
2023-10-06 04:47:26,-46.8
2023-10-06 04:47:56,-46.8
2023-10-06 04:48:26,-46.8
2023-10-06 04:48:56,-46.8
2023-10-06 04:49:26,-46.8
2023-10-06 04:49:56,-46.8
2023-10-06 04:50:26,-46.8
2023-10-06 04:50:56,-46.8
2023-10-06 04:51:26,-46.8
2023-10-06 04:51:56,-46.8
2023-10-06 04:52:26,-46.8
2023-10-06 04:52:56,-46.8
2023-10-06 04:53:27,-46.8
2023-10-06 04:53:56,-46.8
2023-10-06 04:54:26,-46.8
2023-10-06 04:54:56,-46.8
2023-10-06 04:55:26,-46.8
2023-10-06 04:55:56,-46.8
2023-10-06 04:56:26,-46.8
2023-10-06 04:56:56,-46.8
2023-10-06 04:57:26,-46.8
2023-10-06 04:57:56,-46.8
2023-10-06 04:58:26,-46.8
2023-10-06 04:58:56,-46.8
2023-10-06 04:59:26,-46.8
2023-10-06 04:59:57,-46.8
2023-10-06 05:00:26,-46.8
2023-10-06 05:00:56,-46.8
2023-10-06 05:01:26,-46.8
2023-10-06 05:01:56,-46.8
2023-10-06 05:02:26,-46.8
2023-10-06 05:02:56,-46.8
2023-10-06 05:03:26,-46.8
2023-10-06 05:03:56,-46.8
2023-10-06 05:04:26,-46.8
2023-10-06 05:04:56,-46.8
2023-10-06 05:05:26,-46.8
2023-10-06 05:05:56,-46.8
2023-10-06 05:06:26,-46.8
2023-10-06 05:06:56,-46.8
2023-10-06 05:07:26,-46.8
2023-10-06 05:07:56,-46.8
2023-10-06 05:08:26,-46.8
2023-10-06 05:08:56,-46.8
2023-10-06 05:09:27,-46.8
2023-10-06 05:09:56,-46.8
2023-10-06 05:10:26,-46.8
2023-10-06 05:10:56,-46.8
2023-10-06 05:11:26,-46.8
2023-10-06 05:11:56,-46.8
2023-10-06 05:12:26,-46.8
2023-10-06 05:12:56,-46.8
2023-10-06 05:13:26,-46.8
2023-10-06 05:13:56,-46.8
2023-10-06 05:14:26,-46.8
2023-10-06 05:14:56,-46.8
2023-10-06 05:15:26,-46.8
2023-10-06 05:15:57,-46.8
2023-10-06 05:16:26,-46.8
2023-10-06 05:16:56,-46.8
2023-10-06 05:17:26,-46.8
2023-10-06 05:17:56,-46.8
2023-10-06 05:18:26,-46.8
2023-10-06 05:18:56,-46.8
2023-10-06 05:19:26,-46.8
2023-10-06 05:19:56,-46.8
2023-10-06 05:20:26,-46.8
2023-10-06 05:20:56,-46.8
2023-10-06 05:21:26,-46.8
2023-10-06 05:21:56,-46.8
2023-10-06 05:22:27,-46.8
2023-10-06 05:22:56,-46.8
2023-10-06 05:23:26,-46.8
2023-10-06 05:23:56,-46.8
2023-10-06 05:24:26,-46.8
2023-10-06 05:24:56,-46.8
2023-10-06 05:25:26,-46.8
2023-10-06 05:25:56,-46.8
2023-10-06 05:26:26,-46.8
2023-10-06 05:26:56,-46.8
2023-10-06 05:27:26,-46.8
2023-10-06 05:27:56,-46.8
2023-10-06 05:28:26,-46.8
2023-10-06 05:28:57,-46.8
2023-10-06 05:29:26,-46.8
2023-10-06 05:29:56,-46.8
2023-10-06 05:30:26,-46.8
2023-10-06 05:30:56,-46.8
2023-10-06 05:31:26,-46.8
2023-10-06 05:31:56,-46.8
2023-10-06 05:32:26,-46.8
2023-10-06 05:32:56,-46.8
2023-10-06 05:33:26,-46.8
2023-10-06 05:33:56,-46.8
2023-10-06 05:34:26,-46.8
2023-10-06 05:34:56,-46.8
2023-10-06 05:35:27,-46.8
2023-10-06 05:35:56,-46.8
2023-10-06 05:36:26,-46.8
2023-10-06 05:36:56,-46.8
2023-10-06 05:37:26,-46.8
2023-10-06 05:37:56,-46.8
2023-10-06 05:38:26,-46.8
2023-10-06 05:38:56,-46.8
2023-10-06 05:39:26,-46.8
2023-10-06 05:39:56,-46.8
2023-10-06 05:40:26,-46.8
2023-10-06 05:40:56,-46.8
2023-10-06 05:41:26,-46.8
2023-10-06 05:41:56,-46.8
2023-10-06 05:42:26,-46.8
2023-10-06 05:42:56,-46.8
2023-10-06 05:43:26,-46.8
2023-10-06 05:43:56,-46.8
2023-10-06 05:44:26,-46.8
2023-10-06 05:44:57,-46.8
2023-10-06 05:45:26,-46.8
2023-10-06 05:45:56,-46.8
2023-10-06 05:46:26,-46.8
2023-10-06 05:46:56,-46.8
2023-10-06 05:47:26,-46.8
2023-10-06 05:47:56,-46.8
2023-10-06 05:48:26,-46.8
2023-10-06 05:48:56,-46.8
2023-10-06 05:49:26,-46.8
2023-10-06 05:49:56,-46.8
2023-10-06 05:50:26,-46.8
2023-10-06 05:50:56,-46.8
2023-10-06 05:51:27,-46.8
2023-10-06 05:51:56,-46.8
2023-10-06 05:52:26,-46.8
2023-10-06 05:52:56,-46.8
2023-10-06 05:53:26,-46.8
2023-10-06 05:53:56,-46.8
2023-10-06 05:54:26,-46.8
2023-10-06 05:54:56,-46.8
2023-10-06 05:55:26,-46.8
2023-10-06 05:55:56,-46.8
2023-10-06 05:56:26,-46.8
2023-10-06 05:56:56,-46.8
2023-10-06 05:57:26,-46.8
2023-10-06 05:57:57,-46.8
2023-10-06 05:58:26,-46.8
2023-10-06 05:58:56,-46.8
2023-10-06 05:59:26,-46.8
2023-10-06 05:59:56,-46.8
2023-10-06 06:00:26,-46.8
2023-10-06 06:00:56,-46.8
2023-10-06 06:01:26,-46.8
2023-10-06 06:01:56,-46.8
2023-10-06 06:02:26,-46.8
2023-10-06 06:02:56,-46.8
2023-10-06 06:03:26,-46.8
2023-10-06 06:03:56,-46.8
2023-10-06 06:04:26,-46.8
2023-10-06 06:04:56,-46.8
2023-10-06 06:05:26,-46.8
2023-10-06 06:05:56,-46.8
2023-10-06 06:06:26,-46.8
2023-10-06 06:06:56,-46.8
2023-10-06 06:07:26,-46.8
2023-10-06 06:07:56,-46.8
2023-10-06 06:08:26,-46.8
2023-10-06 06:08:56,-46.8
2023-10-06 06:09:26,-46.8
2023-10-06 06:09:56,-46.8
2023-10-06 06:10:26,-46.8
2023-10-06 06:10:56,-46.8
2023-10-06 06:11:26,-46.8
2023-10-06 06:11:56,-46.8
2023-10-06 06:12:26,-46.8
2023-10-06 06:12:56,-46.8
2023-10-06 06:13:26,-46.8
2023-10-06 06:13:57,-46.8
2023-10-06 06:14:26,-46.8
2023-10-06 06:14:56,-46.8
2023-10-06 06:15:26,-46.8
2023-10-06 06:15:56,-46.8
2023-10-06 06:16:26,-46.8
2023-10-06 06:16:56,-46.8
2023-10-06 06:17:26,-46.8
2023-10-06 06:17:56,-46.8
2023-10-06 06:18:26,-46.8
2023-10-06 06:18:56,-46.8
2023-10-06 06:19:26,-46.8
2023-10-06 06:19:56,-46.8
2023-10-06 06:20:27,-46.8
2023-10-06 06:20:56,-46.8
2023-10-06 06:21:26,-46.8
2023-10-06 06:21:56,-46.8
2023-10-06 06:22:26,-46.8
2023-10-06 06:22:56,-46.8
2023-10-06 06:23:26,-46.8
2023-10-06 06:23:56,-46.8
2023-10-06 06:24:26,-46.8
2023-10-06 06:24:56,-46.8
2023-10-06 06:25:26,-46.8
2023-10-06 06:25:56,-46.8
2023-10-06 06:26:26,-46.8
2023-10-06 06:26:57,-46.8
2023-10-06 06:27:26,-46.8
2023-10-06 06:27:56,-46.8
2023-10-06 06:28:26,-46.8
2023-10-06 06:28:56,-46.8
2023-10-06 06:29:26,-46.8
2023-10-06 06:29:56,-46.8
2023-10-06 06:30:26,-46.8
2023-10-06 06:30:56,-46.8
2023-10-06 06:31:26,-46.8
2023-10-06 06:31:56,-46.8
2023-10-06 06:32:26,-46.8
2023-10-06 06:32:56,-46.8
2023-10-06 06:33:26,-46.8
2023-10-06 06:33:56,-46.8
2023-10-06 06:34:26,-46.8
2023-10-06 06:34:56,-46.8
2023-10-06 06:35:26,-46.8
2023-10-06 06:35:56,-46.8
2023-10-06 06:36:27,-46.8
2023-10-06 06:36:56,-46.8
2023-10-06 06:37:26,-46.8
2023-10-06 06:37:56,-46.8
2023-10-06 06:38:26,-46.8
2023-10-06 06:38:56,-46.8
2023-10-06 06:39:26,-46.8
2023-10-06 06:39:56,-46.8
2023-10-06 06:40:26,-46.8
2023-10-06 06:40:56,-46.8
2023-10-06 06:41:26,-46.8
2023-10-06 06:41:56,-46.8
2023-10-06 06:42:26,-46.8
2023-10-06 06:42:57,-46.8
2023-10-06 06:43:26,-46.8
2023-10-06 06:43:56,-46.8
2023-10-06 06:44:26,-46.8
2023-10-06 06:44:56,-46.8
2023-10-06 06:45:26,-46.8
2023-10-06 06:45:56,-46.8
2023-10-06 06:46:26,-46.8
2023-10-06 06:46:56,-46.8
2023-10-06 06:47:26,-46.8
2023-10-06 06:47:56,-46.8
2023-10-06 06:48:26,-46.8
2023-10-06 06:48:56,-46.8
2023-10-06 06:49:27,-46.8
2023-10-06 06:49:56,-46.8
2023-10-06 06:50:26,-46.8
2023-10-06 06:50:56,-46.8
2023-10-06 06:51:26,-46.8
2023-10-06 06:51:56,-46.8
2023-10-06 06:52:26,-46.8
2023-10-06 06:52:56,-46.8
2023-10-06 06:53:26,-46.8
2023-10-06 06:53:56,-46.8
2023-10-06 06:54:26,-46.8
2023-10-06 06:54:56,-46.8
2023-10-06 06:55:26,-46.8
2023-10-06 06:55:57,-46.8
2023-10-06 06:56:26,-46.8
2023-10-06 06:56:56,-46.8
2023-10-06 06:57:26,-46.8
2023-10-06 06:57:56,-46.8
2023-10-06 06:58:26,-46.8
2023-10-06 06:58:56,-46.8
2023-10-06 06:59:26,-46.8
2023-10-06 06:59:56,-46.8
2023-10-06 07:00:26,-46.8
2023-10-06 07:00:56,-46.8
2023-10-06 07:01:26,-46.8
2023-10-06 07:01:56,-46.8
2023-10-06 07:02:26,-46.8
2023-10-06 07:02:56,-46.8
2023-10-06 07:03:26,-46.8
2023-10-06 07:03:56,-46.8
2023-10-06 07:04:26,-46.8
2023-10-06 07:04:56,-46.8
2023-10-06 07:05:27,-46.8
2023-10-06 07:05:56,-46.8
2023-10-06 07:06:26,-46.8
2023-10-06 07:06:56,-46.8
2023-10-06 07:07:26,-46.8
2023-10-06 07:07:56,-46.8
2023-10-06 07:08:26,-46.8
2023-10-06 07:08:56,-46.8
2023-10-06 07:09:26,-46.8
2023-10-06 07:09:56,-46.8
2023-10-06 07:10:26,-46.8
2023-10-06 07:10:56,-46.8
2023-10-06 07:11:26,-46.8
2023-10-06 07:11:57,-46.8
2023-10-06 07:12:26,-46.8
2023-10-06 07:12:56,-46.8
2023-10-06 07:13:26,-46.8
2023-10-06 07:13:56,-46.8
2023-10-06 07:14:26,-46.8
2023-10-06 07:14:56,-46.8
2023-10-06 07:15:26,-46.8
2023-10-06 07:15:56,-46.8
2023-10-06 07:16:26,-46.8
2023-10-06 07:16:56,-46.8
2023-10-06 07:17:26,-46.8
2023-10-06 07:17:56,-46.8
2023-10-06 07:18:27,-46.8
2023-10-06 07:18:56,-46.8
2023-10-06 07:19:26,-46.8
2023-10-06 07:19:56,-46.8
2023-10-06 07:20:26,-46.8
2023-10-06 07:20:56,-46.8
2023-10-06 07:21:26,-46.8
2023-10-06 07:21:56,-46.8
2023-10-06 07:22:26,-46.8
2023-10-06 07:22:56,-46.8
2023-10-06 07:23:26,-46.8
2023-10-06 07:23:56,-46.8
2023-10-06 07:24:26,-46.8
2023-10-06 07:24:57,-46.8
2023-10-06 07:25:26,-46.8
2023-10-06 07:25:56,-46.8
2023-10-06 07:26:26,-46.8
2023-10-06 07:26:56,-46.8
2023-10-06 07:27:26,-46.8
2023-10-06 07:27:56,-46.8
2023-10-06 07:28:26,-46.8
2023-10-06 07:28:56,-46.8
2023-10-06 07:29:26,-46.8
2023-10-06 07:29:56,-46.8
2023-10-06 07:30:26,-46.8
2023-10-06 07:30:56,-46.8
2023-10-06 07:31:26,-46.8
2023-10-06 07:31:56,-46.8
2023-10-06 07:32:26,-46.8
2023-10-06 07:32:56,-46.8
2023-10-06 07:33:26,-46.8
2023-10-06 07:33:56,-46.8
2023-10-06 07:34:27,-46.8
2023-10-06 07:34:56,-46.8
2023-10-06 07:35:26,-46.8
2023-10-06 07:35:56,-46.8
2023-10-06 07:36:26,-46.8
2023-10-06 07:36:56,-46.8
2023-10-06 07:37:26,-46.8
2023-10-06 07:37:56,-46.8
2023-10-06 07:38:26,-46.8
2023-10-06 07:38:56,-46.8
2023-10-06 07:39:26,-46.8
2023-10-06 07:39:56,-46.8
2023-10-06 07:40:26,-46.8
2023-10-06 07:40:57,-46.8
2023-10-06 07:41:26,-46.8
2023-10-06 07:41:56,-46.8
2023-10-06 07:42:26,-46.8
2023-10-06 07:42:56,-46.8
2023-10-06 07:43:26,-46.8
2023-10-06 07:43:56,-46.8
2023-10-06 07:44:26,-46.8
2023-10-06 07:44:56,-46.8
2023-10-06 07:45:26,-46.8
2023-10-06 07:45:56,-46.8
2023-10-06 07:46:26,-46.8
2023-10-06 07:46:56,-46.8
2023-10-06 07:47:27,-46.8
2023-10-06 07:47:56,-46.8
2023-10-06 07:48:26,-46.8
2023-10-06 07:48:56,-46.8
2023-10-06 07:49:26,-46.8
2023-10-06 07:49:56,-46.8
2023-10-06 07:50:26,-46.8
2023-10-06 07:50:56,-46.8
2023-10-06 07:51:26,-46.8
2023-10-06 07:51:56,-46.8
2023-10-06 07:52:26,-46.8
2023-10-06 07:52:56,-46.8
2023-10-06 07:53:26,-46.8
2023-10-06 07:53:56,-46.8
2023-10-06 07:54:26,-46.8
2023-10-06 07:54:56,-46.8
2023-10-06 07:55:26,-46.8
2023-10-06 07:55:56,-46.8
2023-10-06 07:56:26,-46.8
2023-10-06 07:56:56,-46.8
2023-10-06 07:57:26,-46.8
2023-10-06 07:57:56,-46.8
2023-10-06 07:58:26,-46.8
2023-10-06 07:58:56,-46.8
2023-10-06 07:59:26,-46.8
2023-10-06 07:59:56,-46.8
2023-10-06 08:00:26,-46.8
2023-10-06 08:00:56,-46.8
2023-10-06 08:01:26,-46.8
2023-10-06 08:01:56,-46.8
2023-10-06 08:02:26,-46.8
2023-10-06 08:02:56,-46.8
2023-10-06 08:03:27,-46.8
2023-10-06 08:03:56,-46.8
2023-10-06 08:04:26,-46.8
2023-10-06 08:04:56,-46.8
2023-10-06 08:05:26,-46.8
2023-10-06 08:05:56,-46.8
2023-10-06 08:06:26,-46.8
2023-10-06 08:06:56,-46.8
2023-10-06 08:07:26,-46.8
2023-10-06 08:07:56,-46.8
2023-10-06 08:08:26,-46.8
2023-10-06 08:08:56,-46.8
2023-10-06 08:09:26,-46.8
2023-10-06 08:09:57,-46.8
2023-10-06 08:10:26,-46.8
2023-10-06 08:10:56,-46.8
2023-10-06 08:11:26,-46.8
2023-10-06 08:11:56,-46.8
2023-10-06 08:12:26,-46.8
2023-10-06 08:12:56,-46.8
2023-10-06 08:13:26,-46.8
2023-10-06 08:13:56,-46.8
2023-10-06 08:14:26,-46.8
2023-10-06 08:14:56,-46.8
2023-10-06 08:15:26,-46.8
2023-10-06 08:15:56,-46.8
2023-10-06 08:16:27,-46.8
2023-10-06 08:16:56,-46.8
2023-10-06 08:17:26,-46.8
2023-10-06 08:17:56,-46.8
2023-10-06 08:18:26,-46.8
2023-10-06 08:18:56,-46.8
2023-10-06 08:19:26,-46.8
2023-10-06 08:19:56,-46.8
2023-10-06 08:20:26,-46.8
2023-10-06 08:20:56,-46.8
2023-10-06 08:21:26,-46.8
2023-10-06 08:21:56,-46.8
2023-10-06 08:22:26,-46.8
2023-10-06 08:22:56,-46.8
2023-10-06 08:23:26,-46.8
2023-10-06 08:23:56,-46.8
2023-10-06 08:24:26,-46.8
2023-10-06 08:24:56,-46.8
2023-10-06 08:25:26,-46.8
2023-10-06 08:25:57,-46.8
2023-10-06 08:26:26,-46.8
2023-10-06 08:26:56,-46.8
2023-10-06 08:27:26,-46.8
2023-10-06 08:27:56,-46.8
2023-10-06 08:28:26,-46.8
2023-10-06 08:28:56,-46.8
2023-10-06 08:29:26,-46.8
2023-10-06 08:29:56,-46.8
2023-10-06 08:30:26,-46.8
2023-10-06 08:30:56,-46.8
2023-10-06 08:31:26,-46.8
2023-10-06 08:31:56,-46.8
2023-10-06 08:32:27,-46.8
2023-10-06 08:32:56,-46.8
2023-10-06 08:33:26,-46.8
2023-10-06 08:33:56,-46.8
2023-10-06 08:34:26,-46.8
2023-10-06 08:34:56,-46.8
2023-10-06 08:35:26,-46.8
2023-10-06 08:35:56,-46.8
2023-10-06 08:36:26,-46.8
2023-10-06 08:36:56,-46.8
2023-10-06 08:37:26,-46.8
2023-10-06 08:37:56,-46.8
2023-10-06 08:38:26,-46.8
2023-10-06 08:38:57,-46.8
2023-10-06 08:39:26,-46.8
2023-10-06 08:39:56,-46.8
2023-10-06 08:40:26,-46.8
2023-10-06 08:40:56,-46.8
2023-10-06 08:41:26,-46.8
2023-10-06 08:41:56,-46.8
2023-10-06 08:42:26,-46.8
2023-10-06 08:42:56,-46.8
2023-10-06 08:43:26,-46.8
2023-10-06 08:43:56,-46.8
2023-10-06 08:44:26,-46.8
2023-10-06 08:44:56,-46.8
2023-10-06 08:45:27,-46.8
2023-10-06 08:45:56,-46.8
2023-10-06 08:46:26,-46.8
2023-10-06 08:46:56,-46.8
2023-10-06 08:47:26,-46.8
2023-10-06 08:47:56,-46.8
2023-10-06 08:48:26,-46.8
2023-10-06 08:48:56,-46.8
2023-10-06 08:49:26,-46.8
2023-10-06 08:49:56,-46.8
2023-10-06 08:50:26,-46.8
2023-10-06 08:50:56,-46.8
2023-10-06 08:51:26,-46.8
2023-10-06 08:51:56,-46.8
2023-10-06 08:52:26,-46.8
2023-10-06 08:52:56,-46.8
2023-10-06 08:53:26,-46.8
2023-10-06 08:53:56,-46.8
2023-10-06 08:54:26,-46.8
2023-10-06 08:54:57,-46.8
2023-10-06 08:55:26,-46.8
2023-10-06 08:55:56,-46.8
2023-10-06 08:56:26,-46.8
2023-10-06 08:56:56,-46.8
2023-10-06 08:57:26,-46.8
2023-10-06 08:57:56,-46.8
2023-10-06 08:58:26,-46.8
2023-10-06 08:58:56,-46.8
2023-10-06 08:59:26,-46.8
2023-10-06 08:59:56,-46.8
2023-10-06 09:00:26,-46.8
2023-10-06 09:00:56,-46.8
2023-10-06 09:01:27,-46.8
2023-10-06 09:01:56,-46.8
2023-10-06 09:02:26,-46.8
2023-10-06 09:02:56,-46.8
2023-10-06 09:03:26,-46.8
2023-10-06 09:03:56,-46.8
2023-10-06 09:04:26,-46.8
2023-10-06 09:04:56,-46.8
2023-10-06 09:05:26,-46.8
2023-10-06 09:05:56,-46.8
2023-10-06 09:06:26,-46.8
2023-10-06 09:06:56,-46.8
2023-10-06 09:07:26,-46.8
2023-10-06 09:07:57,-46.8
2023-10-06 09:08:26,-46.8
2023-10-06 09:08:56,-46.8
2023-10-06 09:09:26,-46.8
2023-10-06 09:09:56,-46.8
2023-10-06 09:10:26,-46.8
2023-10-06 09:10:56,-46.8
2023-10-06 09:11:26,-46.8
2023-10-06 09:11:56,-46.8
2023-10-06 09:12:26,-46.8
2023-10-06 09:12:56,-46.8
2023-10-06 09:13:26,-46.8
2023-10-06 09:13:56,-46.8
2023-10-06 09:14:27,-46.8
2023-10-06 09:14:56,-46.8
2023-10-06 09:15:26,-46.8
2023-10-06 09:15:56,-46.8
2023-10-06 09:16:26,-46.8
2023-10-06 09:16:56,-46.8
2023-10-06 09:17:26,-46.8
2023-10-06 09:17:56,-46.8
2023-10-06 09:18:26,-46.8
2023-10-06 09:18:56,-46.8
2023-10-06 09:19:26,-46.8
2023-10-06 09:19:56,-46.8
2023-10-06 09:20:26,-46.8
2023-10-06 09:20:56,-46.8
2023-10-06 09:21:26,-46.8
2023-10-06 09:21:56,-46.8
2023-10-06 09:22:26,-46.8
2023-10-06 09:22:56,-46.8
2023-10-06 09:23:26,-46.8
2023-10-06 09:23:57,-46.8
2023-10-06 09:24:26,-46.8
2023-10-06 09:24:56,-46.8
2023-10-06 09:25:26,-46.8
2023-10-06 09:25:56,-46.8
2023-10-06 09:26:26,-46.8
2023-10-06 09:26:56,-46.8
2023-10-06 09:27:26,-46.8
2023-10-06 09:27:56,-46.8
2023-10-06 09:28:26,-46.8
2023-10-06 09:28:56,-46.8
2023-10-06 09:29:26,-46.8
2023-10-06 09:29:56,-46.8
2023-10-06 09:30:27,-46.8
2023-10-06 09:30:56,-46.8
2023-10-06 09:31:26,-46.8
2023-10-06 09:31:56,-46.8
2023-10-06 09:32:26,-46.8
2023-10-06 09:32:56,-46.8
2023-10-06 09:33:26,-46.8
2023-10-06 09:33:56,-46.8
2023-10-06 09:34:26,-46.8
2023-10-06 09:34:56,-46.8
2023-10-06 09:35:26,-46.8
2023-10-06 09:35:56,-46.8
2023-10-06 09:36:26,-46.8
2023-10-06 09:36:57,-46.8
2023-10-06 09:37:26,-46.8
2023-10-06 09:37:56,-46.8
2023-10-06 09:38:26,-46.8
2023-10-06 09:38:56,-46.8
2023-10-06 09:39:26,-46.8
2023-10-06 09:39:56,-46.8
2023-10-06 09:40:26,-46.8
2023-10-06 09:40:56,-46.8
2023-10-06 09:41:26,-46.8
2023-10-06 09:41:56,-46.8
2023-10-06 09:42:26,-46.8
2023-10-06 09:42:56,-46.8
2023-10-06 09:43:27,-46.8
2023-10-06 09:43:56,-46.8
2023-10-06 09:44:26,-46.8
2023-10-06 09:44:56,-46.8
2023-10-06 09:45:26,-46.8
2023-10-06 09:45:56,-46.8
2023-10-06 09:46:26,-46.8
2023-10-06 09:46:56,-46.8
2023-10-06 09:47:26,-46.8
2023-10-06 09:47:56,-46.8
2023-10-06 09:48:26,-46.8
2023-10-06 09:48:56,-46.8
2023-10-06 09:49:26,-46.8
2023-10-06 09:49:56,-46.8
2023-10-06 09:50:26,-46.8
2023-10-06 09:50:56,-46.8
2023-10-06 09:51:26,-46.8
2023-10-06 09:51:56,-46.8
2023-10-06 09:52:26,-46.8
2023-10-06 09:52:57,-46.8
2023-10-06 09:53:26,-46.8
2023-10-06 09:53:56,-46.8
2023-10-06 09:54:26,-46.8
2023-10-06 09:54:56,-46.8
2023-10-06 09:55:26,-46.8
2023-10-06 09:55:56,-46.8
2023-10-06 09:56:26,-46.8
2023-10-06 09:56:56,-46.8
2023-10-06 09:57:26,-46.8
2023-10-06 09:57:56,-46.8
2023-10-06 09:58:26,-46.8
2023-10-06 09:58:56,-46.8
2023-10-06 09:59:27,-46.8
2023-10-06 09:59:56,-46.8
2023-10-06 10:00:26,-46.8
2023-10-06 10:00:56,-46.8
2023-10-06 10:01:26,-46.8
2023-10-06 10:01:56,-46.8
2023-10-06 10:02:26,-46.8
2023-10-06 10:02:56,-46.8
2023-10-06 10:03:26,-46.8
2023-10-06 10:03:56,-46.8
2023-10-06 10:04:26,-46.8
2023-10-06 10:04:56,-46.8
2023-10-06 10:05:26,-46.8
2023-10-06 10:05:57,-46.8
2023-10-06 10:06:26,-46.8
2023-10-06 10:06:56,-46.8
2023-10-06 10:07:26,-46.8
2023-10-06 10:07:56,-46.8
2023-10-06 10:08:26,-46.8
2023-10-06 10:08:56,-46.8
2023-10-06 10:09:26,-46.8
2023-10-06 10:09:56,-46.8
2023-10-06 10:10:26,-46.8
2023-10-06 10:10:56,-46.8
2023-10-06 10:11:26,-46.8
2023-10-06 10:11:56,-46.8
2023-10-06 10:12:27,-46.8
2023-10-06 10:12:56,-46.8
2023-10-06 10:13:26,-46.8
2023-10-06 10:13:56,-46.8
2023-10-06 10:14:26,-46.8
2023-10-06 10:14:56,-46.8
2023-10-06 10:15:26,-46.8
2023-10-06 10:15:56,-46.8
2023-10-06 10:16:26,-46.8
2023-10-06 10:16:56,-46.8
2023-10-06 10:17:26,-46.8
2023-10-06 10:17:56,-46.8
2023-10-06 10:18:26,-46.8
2023-10-06 10:18:56,-46.8
2023-10-06 10:19:26,-46.8
2023-10-06 10:19:56,-46.8
2023-10-06 10:20:26,-46.8
2023-10-06 10:20:56,-46.8
2023-10-06 10:21:26,-46.8
2023-10-06 10:21:57,-46.8
2023-10-06 10:22:26,-46.8
2023-10-06 10:22:56,-46.8
2023-10-06 10:23:26,-46.8
2023-10-06 10:23:56,-46.8
2023-10-06 10:24:26,-46.8
2023-10-06 10:24:56,-46.8
2023-10-06 10:25:26,-46.8
2023-10-06 10:25:56,-46.8
2023-10-06 10:26:26,-46.8
2023-10-06 10:26:56,-46.8
2023-10-06 10:27:26,-46.8
2023-10-06 10:27:56,-46.8
2023-10-06 10:28:27,-46.8
2023-10-06 10:28:56,-46.8
2023-10-06 10:29:26,-46.8
2023-10-06 10:29:56,-46.8
2023-10-06 10:30:26,-46.8
2023-10-06 10:30:56,-46.8
2023-10-06 10:31:26,-46.8
2023-10-06 10:31:56,-46.8
2023-10-06 10:32:26,-46.8
2023-10-06 10:32:56,-46.8
2023-10-06 10:33:26,-46.8
2023-10-06 10:33:56,-46.8
2023-10-06 10:34:26,-46.8
2023-10-06 10:34:57,-46.8
2023-10-06 10:35:26,-46.8
2023-10-06 10:35:56,-46.8
2023-10-06 10:36:26,-46.8
2023-10-06 10:36:56,-46.8
2023-10-06 10:37:26,-46.8
2023-10-06 10:37:56,-46.8
2023-10-06 10:38:26,-46.8
2023-10-06 10:38:56,-46.8
2023-10-06 10:39:26,-46.8
2023-10-06 10:39:56,-46.8
2023-10-06 10:40:26,-46.8
2023-10-06 10:40:56,-46.8
2023-10-06 10:41:26,-46.8
2023-10-06 10:41:56,-46.8
2023-10-06 10:42:26,-46.8
2023-10-06 10:42:56,-46.8
2023-10-06 10:43:26,-46.8
2023-10-06 10:43:56,-46.8
2023-10-06 10:44:26,-46.8
